0_jpg.rf.f12d997b0f478fe28d10779ea119ec78.jpg,0_jpg.rf.f12d997b0f478fe28d10779ea119ec78.txt
1_jpg.rf.d199fbe19e4a5bc5965e8ef89610b17e.jpg,1_jpg.rf.d199fbe19e4a5bc5965e8ef89610b17e.txt
2_jpg.rf.d0c4fe8913bfcc67c2a6139aba7d58cf.jpg,2_jpg.rf.d0c4fe8913bfcc67c2a6139aba7d58cf.txt
3_jpg.rf.292c05c85eba7ad98e3e653c52aff2a0.jpg,3_jpg.rf.292c05c85eba7ad98e3e653c52aff2a0.txt
4_jpg.rf.dd026133382bbfef1042e00534ac338c.jpg,4_jpg.rf.dd026133382bbfef1042e00534ac338c.txt
10_jpg.rf.8ce0d538e8ff83d6be0f8c8dfe1176de.jpg,10_jpg.rf.8ce0d538e8ff83d6be0f8c8dfe1176de.txt
11_jpg.rf.3d56be9eab06069b779168dab7425d82.jpg,11_jpg.rf.3d56be9eab06069b779168dab7425d82.txt
12_jpg.rf.9874200d7e10194849223ffbe00dc603.jpg,12_jpg.rf.9874200d7e10194849223ffbe00dc603.txt
13_jpg.rf.f8a885bb093e06a1ea90efc5d553cda2.jpg,13_jpg.rf.f8a885bb093e06a1ea90efc5d553cda2.txt
14_jpg.rf.1f37e5a63ca6a785e341e548ff6de30d.jpg,14_jpg.rf.1f37e5a63ca6a785e341e548ff6de30d.txt
15_jpg.rf.4632c28aaa46162828ec07adb2ff76b5.jpg,15_jpg.rf.4632c28aaa46162828ec07adb2ff76b5.txt
16_jpg.rf.8b631aa13c669d0316525f979802dd5b.jpg,16_jpg.rf.8b631aa13c669d0316525f979802dd5b.txt
17_jpg.rf.794f03505041b64cf56d9df4a768e2a5.jpg,17_jpg.rf.794f03505041b64cf56d9df4a768e2a5.txt
18_jpg.rf.b427f43a1a8cf53e2968cc58eaf6809f.jpg,18_jpg.rf.b427f43a1a8cf53e2968cc58eaf6809f.txt
19_jpg.rf.19ab8124ef75fe8f6e04f0992b5ebb27.jpg,19_jpg.rf.19ab8124ef75fe8f6e04f0992b5ebb27.txt
20_jpg.rf.b524eea967881344631dc97de26c56c3.jpg,20_jpg.rf.b524eea967881344631dc97de26c56c3.txt
21_jpg.rf.ad1a0976b694cde136080fc6c4c2fca8.jpg,21_jpg.rf.ad1a0976b694cde136080fc6c4c2fca8.txt
22_jpg.rf.ada5549e4e723bbbe95857d9f165d3c8.jpg,22_jpg.rf.ada5549e4e723bbbe95857d9f165d3c8.txt
23_jpg.rf.91fd187ca41798536e76c2c8eb2975b2.jpg,23_jpg.rf.91fd187ca41798536e76c2c8eb2975b2.txt
24_jpg.rf.93addd2983d850296953db7370c9d44a.jpg,24_jpg.rf.93addd2983d850296953db7370c9d44a.txt
25_jpg.rf.774fca8075e9493142e24c5b7435603f.jpg,25_jpg.rf.774fca8075e9493142e24c5b7435603f.txt
26_jpg.rf.fe315dcd90071c7a4c71f721890941d2.jpg,26_jpg.rf.fe315dcd90071c7a4c71f721890941d2.txt
27_jpg.rf.7e59c1f2e53622cf37fd2b7585d90089.jpg,27_jpg.rf.7e59c1f2e53622cf37fd2b7585d90089.txt
28_jpg.rf.a72b00d3eb4967f19f7f2f00d624f786.jpg,28_jpg.rf.a72b00d3eb4967f19f7f2f00d624f786.txt
29_jpg.rf.8f10b7fc5e96e9a19995db5c6fde9ce1.jpg,29_jpg.rf.8f10b7fc5e96e9a19995db5c6fde9ce1.txt
30_jpg.rf.993093c32123c65071bb97bc5b4b62f0.jpg,30_jpg.rf.993093c32123c65071bb97bc5b4b62f0.txt
31_jpg.rf.d027ef829b8b48b6b85de070621c432e.jpg,31_jpg.rf.d027ef829b8b48b6b85de070621c432e.txt
32_jpg.rf.0054bdddcb4c674efb4636487a253b8c.jpg,32_jpg.rf.0054bdddcb4c674efb4636487a253b8c.txt
33_jpg.rf.35102ed67950d30f706bb91ddcda4193.jpg,33_jpg.rf.35102ed67950d30f706bb91ddcda4193.txt
34_jpg.rf.9cf235512a0f1ee91a7f1f64c7f8ca5d.jpg,34_jpg.rf.9cf235512a0f1ee91a7f1f64c7f8ca5d.txt
35_jpg.rf.5d842783a553549527342f0512710b59.jpg,35_jpg.rf.5d842783a553549527342f0512710b59.txt
36_jpg.rf.993b24d966ceca01689f2f547418a73a.jpg,36_jpg.rf.993b24d966ceca01689f2f547418a73a.txt
37_jpg.rf.182102e107c4f13c29288dfdc592ffe8.jpg,37_jpg.rf.182102e107c4f13c29288dfdc592ffe8.txt
38_jpg.rf.22caf1ff5d06f9a232e3ac0a8947e9a3.jpg,38_jpg.rf.22caf1ff5d06f9a232e3ac0a8947e9a3.txt
39_jpg.rf.a6b7ca20f3eacecab2086c780f6f9a6a.jpg,39_jpg.rf.a6b7ca20f3eacecab2086c780f6f9a6a.txt
40_jpg.rf.7bc6a44950423853e5ac7f3de6686440.jpg,40_jpg.rf.7bc6a44950423853e5ac7f3de6686440.txt
41_jpg.rf.af3960b36d3cd329db541d6b260c7b9d.jpg,41_jpg.rf.af3960b36d3cd329db541d6b260c7b9d.txt
42_jpg.rf.c33ad82b63eededb0fd76631f7cfd097.jpg,42_jpg.rf.c33ad82b63eededb0fd76631f7cfd097.txt
43_jpg.rf.28f431fda95319456a43b3084ff503cd.jpg,43_jpg.rf.28f431fda95319456a43b3084ff503cd.txt
44_jpg.rf.d87dca9f933c7ba65e2c0c4e3886026d.jpg,44_jpg.rf.d87dca9f933c7ba65e2c0c4e3886026d.txt
45_jpg.rf.3a5cb9f61476032e33db9d15ef4621e6.jpg,45_jpg.rf.3a5cb9f61476032e33db9d15ef4621e6.txt
100_jpg.rf.8cc0b87497b55da5e5a152a112dcfd8c.jpg,100_jpg.rf.8cc0b87497b55da5e5a152a112dcfd8c.txt
101_jpg.rf.fa0ba9d24ba51dfa377b2e883a6e42b0.jpg,101_jpg.rf.fa0ba9d24ba51dfa377b2e883a6e42b0.txt
102_jpg.rf.1ff29debd8e7b2e6b46156af56ab164e.jpg,102_jpg.rf.1ff29debd8e7b2e6b46156af56ab164e.txt
103_jpg.rf.5e127d48ea606188431b896fb22065c5.jpg,103_jpg.rf.5e127d48ea606188431b896fb22065c5.txt
104_jpg.rf.3bc6945aee50abdfb40a80d9af93378b.jpg,104_jpg.rf.3bc6945aee50abdfb40a80d9af93378b.txt
105_jpg.rf.215f2a5f182b8a04a889decc338d0569.jpg,105_jpg.rf.215f2a5f182b8a04a889decc338d0569.txt
106_jpg.rf.d74445618a518d7c997b2cab0ffbeae7.jpg,106_jpg.rf.d74445618a518d7c997b2cab0ffbeae7.txt
107_jpg.rf.00139c836eb506f080cb6f193ce07ea9.jpg,107_jpg.rf.00139c836eb506f080cb6f193ce07ea9.txt
108_jpg.rf.879eacf5dc46a8bcbce709dae90ddc5f.jpg,108_jpg.rf.879eacf5dc46a8bcbce709dae90ddc5f.txt
109_jpg.rf.8cec222316c6d53834ecd55876f0cb0f.jpg,109_jpg.rf.8cec222316c6d53834ecd55876f0cb0f.txt
110_jpg.rf.be89f92083a331ea24630fddad5dfab3.jpg,110_jpg.rf.be89f92083a331ea24630fddad5dfab3.txt
111_jpg.rf.6df62b16a588f582cbf7728cb94d6bf6.jpg,111_jpg.rf.6df62b16a588f582cbf7728cb94d6bf6.txt
112_jpg.rf.0c8b94fb68206e2403be6c83a3de0cee.jpg,112_jpg.rf.0c8b94fb68206e2403be6c83a3de0cee.txt
113_jpg.rf.931c70ee1d1d4d7f3653b2134fb0e1d5.jpg,113_jpg.rf.931c70ee1d1d4d7f3653b2134fb0e1d5.txt
114_jpg.rf.82fc3e42692ea34c89a0cc76a7f4717b.jpg,114_jpg.rf.82fc3e42692ea34c89a0cc76a7f4717b.txt
115_jpg.rf.a0ef1ea2327ae6f01ceee759a279c36a.jpg,115_jpg.rf.a0ef1ea2327ae6f01ceee759a279c36a.txt
116_jpg.rf.0998502b344bda14ad07488619d537c6.jpg,116_jpg.rf.0998502b344bda14ad07488619d537c6.txt
117_jpg.rf.24f01dd85af5c487a2e60f12e3d4ee6d.jpg,117_jpg.rf.24f01dd85af5c487a2e60f12e3d4ee6d.txt
118_jpg.rf.8555e079f95657e5d08b0b83aad16927.jpg,118_jpg.rf.8555e079f95657e5d08b0b83aad16927.txt
119_jpg.rf.f176063c5acc129545d8954af40297f4.jpg,119_jpg.rf.f176063c5acc129545d8954af40297f4.txt
120_jpg.rf.824683750042a5a367633655793194bf.jpg,120_jpg.rf.824683750042a5a367633655793194bf.txt
121_jpg.rf.14452e4c8dd10e081b6caadf6dbb4620.jpg,121_jpg.rf.14452e4c8dd10e081b6caadf6dbb4620.txt
122_jpg.rf.043746f38d966a5231e07c9a3cf3d25f.jpg,122_jpg.rf.043746f38d966a5231e07c9a3cf3d25f.txt
123_jpg.rf.7b0340eb323a7b522f140766b10a8ce0.jpg,123_jpg.rf.7b0340eb323a7b522f140766b10a8ce0.txt
124_jpg.rf.9cab07b62381f656f9b612cf2d87ebb4.jpg,124_jpg.rf.9cab07b62381f656f9b612cf2d87ebb4.txt
125_jpg.rf.a087efdf01cc4af78369f3b029be7769.jpg,125_jpg.rf.a087efdf01cc4af78369f3b029be7769.txt
126_jpg.rf.06043118d9b7ddc3d6bb785b2bb2940c.jpg,126_jpg.rf.06043118d9b7ddc3d6bb785b2bb2940c.txt
127_jpg.rf.963a5390325b91947895fef8ccfed508.jpg,127_jpg.rf.963a5390325b91947895fef8ccfed508.txt
128_jpg.rf.2437d1c05b77364b62e13cb98ad9d7fc.jpg,128_jpg.rf.2437d1c05b77364b62e13cb98ad9d7fc.txt
129_jpg.rf.27435b48da699548cdc9f7f6138f583d.jpg,129_jpg.rf.27435b48da699548cdc9f7f6138f583d.txt
130_jpg.rf.a906adc28ed22d1b719f8efddfb569d6.jpg,130_jpg.rf.a906adc28ed22d1b719f8efddfb569d6.txt
131_jpg.rf.eedda75e1122ddaa44b6ecf30a572073.jpg,131_jpg.rf.eedda75e1122ddaa44b6ecf30a572073.txt
132_jpg.rf.6191379d65244a6a3ea90b128cf11ad1.jpg,132_jpg.rf.6191379d65244a6a3ea90b128cf11ad1.txt
133_jpg.rf.0ef0a7f3730cfb39d45e050f59c7d6c9.jpg,133_jpg.rf.0ef0a7f3730cfb39d45e050f59c7d6c9.txt
134_jpg.rf.3be1345abf8d2c434422ea2971929eb2.jpg,134_jpg.rf.3be1345abf8d2c434422ea2971929eb2.txt
135_jpg.rf.17c2c1cac83b640d2285aaa79077d4c5.jpg,135_jpg.rf.17c2c1cac83b640d2285aaa79077d4c5.txt
136_jpg.rf.3542e25f1dede38f5f732c4016f2c567.jpg,136_jpg.rf.3542e25f1dede38f5f732c4016f2c567.txt
137_jpg.rf.caf595e6f3692784629243f28d47c8f6.jpg,137_jpg.rf.caf595e6f3692784629243f28d47c8f6.txt
138_jpg.rf.b389f3ce4b18b9f82f569e8600a8f996.jpg,138_jpg.rf.b389f3ce4b18b9f82f569e8600a8f996.txt
139_jpg.rf.b6c5cb86f4b33d87808ca0f0d88ec414.jpg,139_jpg.rf.b6c5cb86f4b33d87808ca0f0d88ec414.txt
140_jpg.rf.7d28d4ea726a722c4f7471f98a5285c8.jpg,140_jpg.rf.7d28d4ea726a722c4f7471f98a5285c8.txt
141_jpg.rf.c60013e80aa82143e1229facd3159975.jpg,141_jpg.rf.c60013e80aa82143e1229facd3159975.txt
142_jpg.rf.9c22f31e8025e740f4e53ac2a3d46f61.jpg,142_jpg.rf.9c22f31e8025e740f4e53ac2a3d46f61.txt
143_jpg.rf.f1b807b34880b3edffed55f836fc80a1.jpg,143_jpg.rf.f1b807b34880b3edffed55f836fc80a1.txt
144_jpg.rf.bf6035563a8f4bc7734ad8ea8e51b3a5.jpg,144_jpg.rf.bf6035563a8f4bc7734ad8ea8e51b3a5.txt
145_jpg.rf.a08675bc4577f3a564b16915321526e3.jpg,145_jpg.rf.a08675bc4577f3a564b16915321526e3.txt
146_jpg.rf.e2de95ee47b359ad95cf54249296dd7c.jpg,146_jpg.rf.e2de95ee47b359ad95cf54249296dd7c.txt
147_jpg.rf.a490d7e7454ce1e34f0e23f1ee19a6f4.jpg,147_jpg.rf.a490d7e7454ce1e34f0e23f1ee19a6f4.txt
148_jpg.rf.4d6fc07b692aaa709d66313d2131ba0c.jpg,148_jpg.rf.4d6fc07b692aaa709d66313d2131ba0c.txt
149_jpg.rf.ca80f59aae3aaf23ef37bd7f0f24ef73.jpg,149_jpg.rf.ca80f59aae3aaf23ef37bd7f0f24ef73.txt
150_jpg.rf.51c76bd520fe28b11cc738511340d6b7.jpg,150_jpg.rf.51c76bd520fe28b11cc738511340d6b7.txt
151_jpg.rf.5c446f6c03f26b1938b43bddc65f6bd9.jpg,151_jpg.rf.5c446f6c03f26b1938b43bddc65f6bd9.txt
152_jpg.rf.3ee393583269f8862be89bb6ee8ea7db.jpg,152_jpg.rf.3ee393583269f8862be89bb6ee8ea7db.txt
153_jpg.rf.57d42c6cf4f837689c1a27453c052de7.jpg,153_jpg.rf.57d42c6cf4f837689c1a27453c052de7.txt
154_jpg.rf.5174165764a1dafeca517c7df2058349.jpg,154_jpg.rf.5174165764a1dafeca517c7df2058349.txt
155_jpg.rf.7e77aa6bbb1da404b15495ff19d47b8e.jpg,155_jpg.rf.7e77aa6bbb1da404b15495ff19d47b8e.txt
156_jpg.rf.c572d7d3e15f743515cfb1092db88085.jpg,156_jpg.rf.c572d7d3e15f743515cfb1092db88085.txt
157_jpg.rf.7de760aaa7fdd6bd9aa8c8bb0d907942.jpg,157_jpg.rf.7de760aaa7fdd6bd9aa8c8bb0d907942.txt
158_jpg.rf.e406862c7d602001df786c643e7a3738.jpg,158_jpg.rf.e406862c7d602001df786c643e7a3738.txt
